{
  "target_protein": "ADRB1",
  "status": "success",
  "n_total_samples": 614,
  "n_train_samples": 491,
  "n_test_samples": 123,
  "rmse": 0.7844642085128353,
  "mae": 0.547857317073171,
  "r2": 0.5239091254467668,
  "target_uniprot": "P08588",
  "total_activities_count": 614
}