{
  "target_protein": "ADRB2",
  "status": "success",
  "n_total_samples": 860,
  "n_train_samples": 688,
  "n_test_samples": 172,
  "rmse": 0.8485002463449465,
  "mae": 0.5898427334390414,
  "r2": 0.6883976075487073,
  "target_uniprot": "P07550",
  "total_activities_count": 860
}