{
  "target_protein": "AHR",
  "status": "success",
  "n_total_samples": 25,
  "n_train_samples": 20,
  "n_test_samples": 5,
  "rmse": 1.792478997366495,
  "mae": 1.3885199999999986,
  "r2": -0.04482292731657256,
  "target_uniprot": "P35869",
  "total_activities_count": 25
}