{
  "target_protein": "ALDH1A1",
  "status": "success",
  "n_total_samples": 150,
  "n_train_samples": 120,
  "n_test_samples": 30,
  "rmse": 0.8693709154708745,
  "mae": 0.7236600000000005,
  "r2": 0.18198400394249403,
  "target_uniprot": "P00352",
  "total_activities_count": 150
}