{
  "target_protein": "AOX1",
  "status": "success",
  "n_total_samples": 13,
  "n_train_samples": 10,
  "n_test_samples": 3,
  "rmse": 0.4088285908136406,
  "mae": 0.4051000000000006,
  "r2": 0.608996841859013,
  "target_uniprot": "Q06278",
  "total_activities_count": 13
}