{
  "target_protein": "CHRNA7",
  "status": "success",
  "n_total_samples": 595,
  "n_train_samples": 476,
  "n_test_samples": 119,
  "rmse": 0.8091287306177334,
  "mae": 0.6042923891071582,
  "r2": 0.5364920836063418,
  "target_uniprot": "P36544",
  "total_activities_count": 595
}