{
  "target_protein": "CYP1A2",
  "status": "success",
  "n_total_samples": 329,
  "n_train_samples": 263,
  "n_test_samples": 66,
  "rmse": 0.6232490242079789,
  "mae": 0.48758908008657986,
  "r2": 0.5150749106375585,
  "target_uniprot": "P05177",
  "total_activities_count": 329
}