{
  "target_protein": "CYP2C19",
  "status": "success",
  "n_total_samples": 165,
  "n_train_samples": 132,
  "n_test_samples": 33,
  "rmse": 0.4384196021801007,
  "mae": 0.2863242424242435,
  "r2": 0.3959146531507476,
  "target_uniprot": "P33261",
  "total_activities_count": 165
}