{
  "target_protein": "HSD11B1",
  "status": "success",
  "n_total_samples": 2046,
  "n_train_samples": 1636,
  "n_test_samples": 410,
  "rmse": 0.6405203154502395,
  "mae": 0.46835839401858315,
  "r2": 0.6579472274860525,
  "target_uniprot": "P28845",
  "total_activities_count": 2046
}