{
  "target_protein": "MAOB",
  "status": "success",
  "n_total_samples": 1519,
  "n_train_samples": 1215,
  "n_test_samples": 304,
  "rmse": 0.7883859105863379,
  "mae": 0.5922871734022558,
  "r2": 0.6504635400454974,
  "target_uniprot": "P27338",
  "total_activities_count": 1519
}