{
  "target_protein": "NR1I3",
  "status": "success",
  "n_total_samples": 59,
  "n_train_samples": 47,
  "n_test_samples": 12,
  "rmse": 0.7766763128871641,
  "mae": 0.6425500000000005,
  "r2": 0.4943864610248061,
  "target_uniprot": "Q14994",
  "total_activities_count": 59
}