{
  "target_protein": "SLC6A3",
  "status": "success",
  "n_total_samples": 1646,
  "n_train_samples": 1316,
  "n_test_samples": 330,
  "rmse": 0.6375084724208472,
  "mae": 0.49096198160173127,
  "r2": 0.6514565422915395,
  "target_uniprot": "Q01959",
  "total_activities_count": 1646
}