{
  "target_protein": "SLCO1B1",
  "status": "success",
  "n_total_samples": 16,
  "n_train_samples": 12,
  "n_test_samples": 4,
  "rmse": 0.5456302273518244,
  "mae": 0.4541999999999997,
  "r2": 0.28291244222980727,
  "target_uniprot": "Q9Y6L6",
  "total_activities_count": 16
}