{
  "target_protein": "SLCO2B3",
  "status": "success",
  "n_total_samples": 15,
  "n_train_samples": 12,
  "n_test_samples": 3,
  "rmse": 0.537036392311234,
  "mae": 0.486933333333333,
  "r2": -9.292120459952374,
  "target_uniprot": "Q9NPD5",
  "total_activities_count": 15
}