{
  "target_protein": "SLCO2B1",
  "status": "success",
  "n_total_samples": 33,
  "n_train_samples": 26,
  "n_test_samples": 7,
  "rmse": 0.27171349932288186,
  "mae": 0.24411428571428573,
  "r2": 0.48616796488835823,
  "target_uniprot": "O94956",
  "total_activities_count": 33
}