{
  "target_protein": "ADRA1A",
  "status": "success",
  "n_total_samples": 895,
  "n_train_samples": 716,
  "n_test_samples": 179,
  "rmse": 0.7368477229872593,
  "mae": 0.5486541899441347,
  "r2": 0.5557247677876452,
  "target_uniprot": "P35348",
  "total_activities_count": 895
}