{
  "target_protein": "CHRM1",
  "status": "success",
  "n_total_samples": 1103,
  "n_train_samples": 882,
  "n_test_samples": 221,
  "rmse": 0.8693877956261915,
  "mae": 0.6377075806219931,
  "r2": 0.5208113575017908,
  "target_uniprot": "P11229",
  "total_activities_count": 1103
}