{
  "target_protein": "CYP2C9",
  "status": "success",
  "n_total_samples": 466,
  "n_train_samples": 372,
  "n_test_samples": 94,
  "rmse": 0.5322712263728603,
  "mae": 0.40438585106383057,
  "r2": 0.42499137496735917,
  "target_uniprot": "P11712",
  "total_activities_count": 466
}