{
  "target_protein": "CYP2B6",
  "status": "success",
  "n_total_samples": 33,
  "n_train_samples": 26,
  "n_test_samples": 7,
  "rmse": 0.5531021385913154,
  "mae": 0.48121428571428676,
  "r2": 0.44258272621800954,
  "target_uniprot": "P20813",
  "total_activities_count": 33
}