{
  "target_protein": "NR1I2",
  "status": "success",
  "n_total_samples": 344,
  "n_train_samples": 275,
  "n_test_samples": 69,
  "rmse": 0.6704449660216479,
  "mae": 0.539176811594203,
  "r2": 0.4740978135883782,
  "target_uniprot": "O75469",
  "total_activities_count": 344
}