{
  "target_protein": "SCN5A",
  "status": "success",
  "n_total_samples": 329,
  "n_train_samples": 263,
  "n_test_samples": 66,
  "rmse": 0.6259371945452289,
  "mae": 0.43283636363636374,
  "r2": 0.34966652794262565,
  "target_uniprot": "Q14524",
  "total_activities_count": 329
}