{
  "target_protein": "XDH",
  "status": "success",
  "n_total_samples": 98,
  "n_train_samples": 78,
  "n_test_samples": 20,
  "rmse": 0.541699066364342,
  "mae": 0.37273500000000004,
  "r2": 0.6098808408947389,
  "target_uniprot": "P47989",
  "total_activities_count": 98
}