{
  "target_name": "ADRA2A",
  "uniprot_id": "P08913",
  "test_r2": -0.20162388640748752,
  "test_rmse": 1.354343932994295,
  "test_mae": 1.0628384347275028,
  "q2": 0.43975465341462605,
  "n_train": 39,
  "n_test": 526,
  "n_features": 3342,
  "similar_proteins": [
    "P18871",
    "Q01338",
    "P22909",
    "Q28838"
  ]
}