{
  "target_name": "ADRA1A",
  "uniprot_id": "P35348",
  "threshold": "low",
  "test_r2": 0.4991321954895773,
  "test_rmse": 0.7672283146733783,
  "test_mae": 0.5601813677428134,
  "q2": 0.49082092959826795,
  "n_train": 1112,
  "n_test": 179,
  "n_similar_proteins": 396,
  "n_target_train": 716,
  "n_target_test": 179,
  "n_features": 3342,
  "similar_proteins": [
    "O02824",
    "Q9TSW7",
    "P43140",
    "P18130",
    "P97718"
  ]
}