{
  "target_name": "ADRA1A",
  "uniprot_id": "P35348",
  "test_r2": 0.12648611027734624,
  "test_rmse": 0.9995346718573639,
  "test_mae": 0.7759209910817211,
  "q2": 0.5348819064348111,
  "n_train": 396,
  "n_test": 895,
  "n_features": 3342,
  "similar_proteins": [
    "O02824",
    "P97718",
    "Q9TSW7",
    "P18130",
    "P43140"
  ]
}