{
  "target_name": "ADRA2A",
  "uniprot_id": "P08913",
  "threshold": "low",
  "test_r2": 0.5051391769266866,
  "test_rmse": 0.8989335543297345,
  "test_mae": 0.5975469015423776,
  "q2": 0.40003133273438457,
  "n_train": 459,
  "n_test": 106,
  "n_similar_proteins": 39,
  "n_target_train": 420,
  "n_target_test": 106,
  "n_features": 3342,
  "similar_proteins": [
    "P18871",
    "Q01338",
    "P22909",
    "Q28838"
  ]
}