{
  "target_name": "ADRB1",
  "uniprot_id": "P08588",
  "threshold": "low",
  "test_r2": 0.6122968286591055,
  "test_rmse": 0.7036416740964081,
  "test_mae": 0.4963588491203166,
  "q2": 0.5154170689538348,
  "n_train": 838,
  "n_test": 123,
  "n_similar_proteins": 347,
  "n_target_train": 491,
  "n_target_test": 123,
  "n_features": 3342,
  "similar_proteins": [
    "P34971",
    "P18090",
    "B0FL73",
    "Q28998"
  ]
}