{
  "target_name": "ADRB1",
  "uniprot_id": "P08588",
  "test_r2": -0.045969211292158585,
  "test_rmse": 1.1301308845898936,
  "test_mae": 0.8926088234234706,
  "q2": 0.49131836764077186,
  "n_train": 347,
  "n_test": 614,
  "n_features": 3342,
  "similar_proteins": [
    "Q28998",
    "P34971",
    "B0FL73",
    "P18090"
  ]
}