{
  "target_name": "ADRB2",
  "uniprot_id": "P07550",
  "test_r2": -0.0630518982627184,
  "test_rmse": 1.6564520105147993,
  "test_mae": 1.3668589369256896,
  "q2": 0.6180263978514384,
  "n_train": 307,
  "n_test": 860,
  "n_features": 3342,
  "similar_proteins": [
    "P10608",
    "P04274",
    "P54833",
    "Q28044",
    "P18762",
    "Q8K4Z4"
  ]
}