{
  "target_name": "ADRB2",
  "uniprot_id": "P07550",
  "threshold": "low",
  "test_r2": 0.7273542237488474,
  "test_rmse": 0.7950817312240919,
  "test_mae": 0.5617900835042182,
  "q2": 0.6430442462326265,
  "n_train": 995,
  "n_test": 172,
  "n_similar_proteins": 307,
  "n_target_train": 688,
  "n_target_test": 172,
  "n_features": 3342,
  "similar_proteins": [
    "P54833",
    "Q8K4Z4",
    "P18762",
    "P10608",
    "P04274",
    "Q28044"
  ]
}