{
  "target_name": "CHRM1",
  "uniprot_id": "P11229",
  "test_r2": 0.11599795019121029,
  "test_rmse": 1.1700475763666602,
  "test_mae": 0.9288760069939127,
  "q2": 0.7516941717153249,
  "n_train": 262,
  "n_test": 1103,
  "n_features": 3342,
  "similar_proteins": [
    "P08482",
    "P12657"
  ]
}