{
  "target_name": "CHRM2",
  "uniprot_id": "P08172",
  "test_r2": 0.2564269031063062,
  "test_rmse": 1.1954297589635283,
  "test_mae": 0.9583931349152011,
  "q2": 0.6461629943436853,
  "n_train": 212,
  "n_test": 721,
  "n_features": 3342,
  "similar_proteins": [
    "Q9ERZ4",
    "P10980",
    "Q8VH27",
    "P06199"
  ]
}