{
  "target_name": "CHRM3",
  "uniprot_id": "P20309",
  "r2": 0.7501187909912512,
  "q2": 0.7501187909912511,
  "rmse": 0.7858086509067879,
  "mae": 0.5911658522633931,
  "r2_std": 0.03815115809850109,
  "q2_std": 0.03815115809850111,
  "rmse_std": 0.047047004496526226,
  "mae_std": 0.018019196295754058,
  "n_samples": 1209,
  "n_features": 3342
}