{
  "target_name": "CHRNA7",
  "uniprot_id": "P36544",
  "test_r2": 0.16231430703225347,
  "test_rmse": 1.078886184954311,
  "test_mae": 0.8574830654807375,
  "q2": 0.6529504871145313,
  "n_train": 1022,
  "n_test": 595,
  "n_features": 3342,
  "similar_proteins": [
    "P22770",
    "P49582",
    "Q866A2",
    "Q05941"
  ]
}