{
  "target_name": "CNR2",
  "uniprot_id": "P34972",
  "threshold": "medium",
  "test_r2": 0.6345579497496177,
  "test_rmse": 0.6933741846812869,
  "test_mae": 0.5106173557091476,
  "q2": 0.5912160608936592,
  "n_train": 3993,
  "n_test": 859,
  "n_similar_proteins": 557,
  "n_target_train": 3436,
  "n_target_test": 859,
  "n_features": 3342,
  "similar_proteins": [
    "P47936",
    "Q9QZN9"
  ]
}