{
  "target_name": "CNR2",
  "uniprot_id": "P34972",
  "test_r2": 0.10624831566284998,
  "test_rmse": 1.0909521604113912,
  "test_mae": 0.8745970765101541,
  "q2": 0.5615844680746805,
  "n_train": 557,
  "n_test": 4295,
  "n_features": 3342,
  "similar_proteins": [
    "P47936",
    "Q9QZN9"
  ]
}