{
  "target_name": "CYP1A2",
  "uniprot_id": "P05177",
  "r2": 0.49473670504971434,
  "q2": 0.49473670504971434,
  "rmse": 0.7103448346381309,
  "mae": 0.5311788562548566,
  "r2_std": 0.06250774068812381,
  "q2_std": 0.06250774068812356,
  "rmse_std": 0.09681687584710648,
  "mae_std": 0.040600152542841654,
  "n_samples": 329,
  "n_features": 3342
}