{
  "target_name": "CYP2B6",
  "uniprot_id": "P20813",
  "threshold": "medium",
  "test_r2": 0.431926617432035,
  "test_rmse": 0.5583639186835386,
  "test_mae": 0.48930658163265445,
  "q2": -0.10544505632772819,
  "n_train": 72,
  "n_test": 7,
  "n_similar_proteins": 46,
  "n_target_train": 26,
  "n_target_test": 7,
  "n_features": 3342,
  "similar_proteins": [
    "P24460",
    "P00178",
    "P00176"
  ]
}