actual,predicted
4.12,4.389500000000002
5.0,5.772645833333334
5.28,5.1710916666666655
6.05,5.187514761904761
5.32,5.097550000000004
4.21,4.788650000000005
6.16,5.549493333333327
