{
  "target_name": "CYP2B6",
  "uniprot_id": "P20813",
  "test_r2": 0.06905986344626058,
  "test_rmse": 0.682299997906316,
  "test_mae": 0.6099607215007209,
  "q2": 0.18537631970754692,
  "n_train": 46,
  "n_test": 33,
  "n_features": 3342,
  "similar_proteins": [
    "P00176",
    "P00178",
    "P24460",
    "P24903"
  ]
}