{
  "target_name": "CYP2C9",
  "uniprot_id": "P11712",
  "threshold": "medium",
  "test_r2": 0.47791007319958323,
  "test_rmse": 0.5005988928167068,
  "test_mae": 0.3632631121921817,
  "q2": 0.49280692292635286,
  "n_train": 577,
  "n_test": 94,
  "n_similar_proteins": 205,
  "n_target_train": 372,
  "n_target_test": 94,
  "n_features": 3342,
  "similar_proteins": [
    "P33261",
    "P33260",
    "P10632",
    "P08683",
    "P05178"
  ]
}