{
  "target_name": "CYP2C19",
  "uniprot_id": "P33261",
  "test_r2": 0.37313033817365426,
  "test_rmse": 0.5633126216992551,
  "test_mae": 0.40106244545353614,
  "q2": 0.5242755065319498,
  "n_train": 506,
  "n_test": 165,
  "n_features": 3342,
  "similar_proteins": [
    "P11712",
    "P08683",
    "P05178",
    "P10632",
    "P33260"
  ]
}