{
  "target_name": "CYP2D6",
  "uniprot_id": "P10635",
  "r2": 0.46257235616352366,
  "q2": 0.46257235616352366,
  "rmse": 0.6279465706710374,
  "mae": 0.47012470127882666,
  "r2_std": 0.06643442022615181,
  "q2_std": 0.06643442022615177,
  "rmse_std": 0.04910537698167573,
  "mae_std": 0.02264660455844856,
  "n_samples": 607,
  "n_features": 3342
}