{
  "target_name": "CYP2C9",
  "uniprot_id": "P11712",
  "test_r2": 0.06030912749027306,
  "test_rmse": 0.7127803507414344,
  "test_mae": 0.5210733530025048,
  "q2": 0.28048004015202743,
  "n_train": 205,
  "n_test": 466,
  "n_features": 3342,
  "similar_proteins": [
    "P08683",
    "P05178",
    "P33261",
    "P10632",
    "P33260"
  ]
}