{
  "target_name": "HSD11B1",
  "uniprot_id": "P28845",
  "threshold": "medium",
  "test_r2": 0.6445887049164583,
  "test_rmse": 0.6406170890806026,
  "test_mae": 0.48562664794812255,
  "q2": 0.45844906782036354,
  "n_train": 2249,
  "n_test": 410,
  "n_similar_proteins": 613,
  "n_target_train": 1636,
  "n_target_test": 410,
  "n_features": 3342,
  "similar_proteins": [
    "P50172",
    "Q5XX84"
  ]
}