{
  "target_name": "KCNH2",
  "uniprot_id": "Q12809",
  "r2": 0.6179101747871605,
  "q2": 0.6179101747871604,
  "rmse": 0.582909504532349,
  "mae": 0.42424087655561166,
  "r2_std": 0.01831983680257777,
  "q2_std": 0.01831983680257775,
  "rmse_std": 0.030533224258641436,
  "mae_std": 0.016005274438542296,
  "n_samples": 4492,
  "n_features": 3342
}