{
  "target_name": "MAOA",
  "uniprot_id": "P21397",
  "test_r2": -0.9583009021260109,
  "test_rmse": 1.6740734809872573,
  "test_mae": 1.3851582169843186,
  "q2": 0.5926714553499426,
  "n_train": 529,
  "n_test": 1130,
  "n_features": 3342,
  "similar_proteins": [
    "P21398",
    "P21396",
    "Q64133"
  ]
}