{
  "target_name": "MAOB",
  "uniprot_id": "P27338",
  "test_r2": 0.1369991422975455,
  "test_rmse": 1.2005163471524571,
  "test_mae": 0.9818489337467545,
  "q2": 0.4654290181868676,
  "n_train": 412,
  "n_test": 1519,
  "n_features": 3342,
  "similar_proteins": [
    "P56560",
    "Q2L8D9",
    "P19643",
    "Q8BW75"
  ]
}