{
  "target_name": "NR1I3",
  "uniprot_id": "Q14994",
  "r2": 0.4306705055518717,
  "q2": 0.4306705055518716,
  "rmse": 0.7336279408016236,
  "mae": 0.5562990151515147,
  "r2_std": 0.2747026303092787,
  "q2_std": 0.27470263030927894,
  "rmse_std": 0.2286501804794812,
  "mae_std": 0.16731779334107325,
  "n_samples": 59,
  "n_features": 3342
}