actual,predicted
5.61,5.735600000000001
4.41,5.684099999999998
6.41,6.483099999999999
5.39,6.701700000000001
7.033333333333334,6.703850000000001
6.93,6.6629
5.99,6.049900000000003
4.89,5.855200000000004
7.42,7.435250000000004
7.67,7.2004000000000055
4.73,5.569699999999999
4.72,4.9863
