{
  "target_name": "NR1I2",
  "uniprot_id": "O75469",
  "r2": 0.6065591544505438,
  "q2": 0.6065591544505434,
  "rmse": 0.5561628734982116,
  "mae": 0.4222930506738927,
  "r2_std": 0.0382696606993232,
  "q2_std": 0.03826966069932322,
  "rmse_std": 0.05029687349501629,
  "mae_std": 0.032233509840063845,
  "n_samples": 344,
  "n_features": 3342
}