{
  "target_name": "SLC6A2",
  "uniprot_id": "P23975",
  "test_r2": -0.043819578470375875,
  "test_rmse": 1.0546917966069387,
  "test_mae": 0.8506831756332625,
  "q2": 0.3880251400014182,
  "n_train": 179,
  "n_test": 2021,
  "n_features": 3342,
  "similar_proteins": [
    "P27922",
    "O55192",
    "Q63380"
  ]
}