{
  "target_name": "SLC6A4",
  "uniprot_id": "P31645",
  "test_r2": 0.2213805194958226,
  "test_rmse": 0.9981309002584566,
  "test_mae": 0.8123499279391592,
  "q2": 0.7028714634520704,
  "n_train": 2023,
  "n_test": 2958,
  "n_features": 3342,
  "similar_proteins": [
    "P31652",
    "Q9MYX0",
    "Q60857"
  ]
}