{
  "target_name": "SLC6A3",
  "uniprot_id": "Q01959",
  "test_r2": 0.11244845565176476,
  "test_rmse": 0.9826515812954013,
  "test_mae": 0.7860491034005654,
  "q2": 0.7192223958011914,
  "n_train": 1169,
  "n_test": 1646,
  "n_features": 3342,
  "similar_proteins": [
    "P23977",
    "Q7JHP9",
    "Q61327",
    "Q2L8D9",
    "Q9GJT6",
    "P27922"
  ]
}