actual,predicted
5.17,5.0907499999999954
4.74,5.2429499999999996
4.54,4.9885
4.33,4.83685
4.68,5.172450000000001
4.59,4.790299999999993
5.52,5.236000000000001
