{
  "target_name": "SLCO2B1",
  "uniprot_id": "O94956",
  "r2": -0.1761587956033987,
  "q2": -0.1761587956033986,
  "rmse": 0.6147080116859976,
  "mae": 0.47440452380952386,
  "r2_std": 0.39232166398290064,
  "q2_std": 0.3923216639829005,
  "rmse_std": 0.261134211836215,
  "mae_std": 0.12015635628633636,
  "n_samples": 33,
  "n_features": 3342
}