{
  "target_name": "XDH",
  "uniprot_id": "P47989",
  "test_r2": 0.3052001920048736,
  "test_rmse": 0.6234916452981359,
  "test_mae": 0.5199547278911569,
  "q2": 0.7662459516846319,
  "n_train": 372,
  "n_test": 98,
  "n_features": 3342,
  "similar_proteins": [
    "P80457"
  ]
}