Model,R2,R2_std,RMSE,RMSE_std,MAE,MAE_std,TT (Sec)
Multilinear Regression,,,1.070079051758894,1.2056019184427749,0.8731406588639501,0.6002631781120874,0.013135433197021484
Random Forest,,,1.1631721712627072,1.2768539573694155,1.0041399999999998,0.5777910542748141,0.7840595245361328
Gradient Boosting,,,1.1876692397341515,1.0800193752980027,1.0782104258033403,0.44960999467841445,0.44630861282348633
SVM,,,1.135593101893119,1.2715974565152037,0.9495334942821237,0.6218161797350666,0.011826038360595703
