Model,R2,R2_std,RMSE,RMSE_std,MAE,MAE_std,TT (Sec)
Multilinear Regression,,,1.124024092898565,0.9475946260120035,1.019285919591883,0.4473378400367313,0.01320195198059082
Random Forest,,,1.073107642783334,0.9532408019414753,0.9757699999999998,0.43083047199566,0.7949364185333252
Gradient Boosting,,,1.180240803035703,0.9533534481768634,1.0894674460842493,0.3896489347796107,0.4518418312072754
SVM,,,1.0558269464650136,0.9526314197774187,0.9483094993565231,0.42461757393617955,0.011771917343139648
