actual,predicted
4.12,4.389500000000002
5.0,5.772645833333335
5.28,5.1710916666666655
6.05,5.18751476190476
5.32,5.097550000000003
4.21,4.788650000000004
6.16,5.549493333333328
