{
  "organism": "human",
  "target_name": "MAOA",
  "uniprot_id": "P21397",
  "threshold": "high",
  "test_r2": 0.6299173541974515,
  "test_rmse": 0.7301673640260251,
  "test_mae": 0.5221758832477748,
  "q2": 0.5462071498393197,
  "n_train": 1433,
  "n_test": 226,
  "n_similar_proteins": 529,
  "n_target_train": 904,
  "n_target_test": 226,
  "n_features": 3342,
  "similar_proteins": [
    "P21398",
    "Q64133",
    "P21396"
  ]
}