{
  "organism": "human",
  "target_name": "SLC6A4",
  "uniprot_id": "P31645",
  "threshold": "medium",
  "test_r2": 0.7036330466151399,
  "test_rmse": 0.622393547108725,
  "test_mae": 0.4697724660573764,
  "q2": 0.6450675862774193,
  "n_train": 4389,
  "n_test": 592,
  "n_similar_proteins": 2023,
  "n_target_train": 2366,
  "n_target_test": 592,
  "n_features": 3342,
  "similar_proteins": [
    "Q9MYX0",
    "Q60857",
    "P31652"
  ]
}