{
  "organism": "human",
  "target_name": "MAOB",
  "uniprot_id": "P27338",
  "threshold": "low",
  "test_r2": 0.6367671066226619,
  "test_rmse": 0.8071518033478873,
  "test_mae": 0.5909624515922484,
  "q2": 0.5403067616964121,
  "n_train": 1627,
  "n_test": 304,
  "n_similar_proteins": 412,
  "n_target_train": 1215,
  "n_target_test": 304,
  "n_features": 3342,
  "similar_proteins": [
    "P56560",
    "P19643",
    "Q8BW75",
    "Q2L8D9"
  ]
}