{
  "organism": "human",
  "target_name": "MAOB",
  "uniprot_id": "P27338",
  "threshold": "high",
  "test_r2": 0.6495473915289143,
  "test_rmse": 0.7928249060582766,
  "test_mae": 0.5779668507549028,
  "q2": 0.5362925050870639,
  "n_train": 1626,
  "n_test": 304,
  "n_similar_proteins": 411,
  "n_target_train": 1215,
  "n_target_test": 304,
  "n_features": 3342,
  "similar_proteins": [
    "P56560",
    "P19643",
    "Q8BW75"
  ]
}