{
  "organism": "human",
  "target_name": "CYP2C9",
  "uniprot_id": "P11712",
  "threshold": "low",
  "test_r2": 0.4779100731995827,
  "test_rmse": 0.5005988928167071,
  "test_mae": 0.3632631121921819,
  "q2": 0.4928069229263527,
  "n_train": 577,
  "n_test": 94,
  "n_similar_proteins": 205,
  "n_target_train": 372,
  "n_target_test": 94,
  "n_features": 3342,
  "similar_proteins": [
    "P33261",
    "P33260",
    "P10632",
    "P08683",
    "P05178"
  ]
}